-- JC-App development seed data for Tamashima JCI.
-- Run after schema.sql.

insert into public.loms (id, name, slug, prefecture, city, created_at) values
  ('00000000-0000-0000-0000-000000000001', '玉島青年会議所', 'tamashima', '岡山県', '倉敷市', '2026-01-01 00:00:00+09')
on conflict (id) do update set
  name = excluded.name,
  slug = excluded.slug,
  prefecture = excluded.prefecture,
  city = excluded.city;

insert into public.fiscal_years (id, lom_id, year, name, starts_on, ends_on, status, is_current, copied_from_year_id, created_at) values
  ('10000000-0000-0000-0000-000000002025', '00000000-0000-0000-0000-000000000001', 2025, '2025年度', '2025-01-01', '2025-12-31', 'closed', false, null, '2025-01-01 00:00:00+09'),
  ('10000000-0000-0000-0000-000000002026', '00000000-0000-0000-0000-000000000001', 2026, '2026年度', '2026-01-01', '2026-12-31', 'current', true, '10000000-0000-0000-0000-000000002025', '2026-01-01 00:00:00+09'),
  ('10000000-0000-0000-0000-000000002027', '00000000-0000-0000-0000-000000000001', 2027, '2027年度', '2027-01-01', '2027-12-31', 'planned', false, '10000000-0000-0000-0000-000000002026', '2026-07-01 00:00:00+09')
on conflict (id) do update set
  name = excluded.name,
  status = excluded.status,
  is_current = excluded.is_current,
  copied_from_year_id = excluded.copied_from_year_id;

insert into public.members (
  id, lom_id, last_name, first_name, last_name_kana, first_name_kana,
  email, phone, joined_year, status, created_at, updated_at
) values
  ('20000000-0000-0000-0000-000000000001', '00000000-0000-0000-0000-000000000001', '山田', '太郎', 'ヤマダ', 'タロウ', 'taro.yamada@example.com', '090-1234-5678', 2021, 'active', '2026-01-01 09:00:00+09', '2026-07-01 09:00:00+09'),
  ('20000000-0000-0000-0000-000000000002', '00000000-0000-0000-0000-000000000001', '佐藤', '花子', 'サトウ', 'ハナコ', 'hanako.sato@example.com', '080-2345-6789', 2020, 'active', '2026-01-01 09:00:00+09', '2026-07-01 09:00:00+09'),
  ('20000000-0000-0000-0000-000000000003', '00000000-0000-0000-0000-000000000001', '田中', '健一', 'タナカ', 'ケンイチ', 'kenichi.tanaka@example.com', '070-3456-7890', 2018, 'active', '2026-01-01 09:00:00+09', '2026-07-01 09:00:00+09'),
  ('20000000-0000-0000-0000-000000000004', '00000000-0000-0000-0000-000000000001', '小林', '美咲', 'コバヤシ', 'ミサキ', 'misaki.kobayashi@example.com', '090-4567-8901', 2024, 'inactive', '2026-01-01 09:00:00+09', '2026-07-01 09:00:00+09')
on conflict (id) do update set
  last_name = excluded.last_name,
  first_name = excluded.first_name,
  email = excluded.email,
  phone = excluded.phone,
  status = excluded.status,
  updated_at = excluded.updated_at;

insert into public.committees (id, lom_id, fiscal_year_id, name, sort_order, created_at) values
  ('30000000-0000-0000-0000-000000000001', '00000000-0000-0000-0000-000000000001', '10000000-0000-0000-0000-000000002026', '総務広報委員会', 1, '2026-01-01 09:00:00+09'),
  ('30000000-0000-0000-0000-000000000002', '00000000-0000-0000-0000-000000000001', '10000000-0000-0000-0000-000000002026', '例会委員会', 2, '2026-01-01 09:00:00+09'),
  ('30000000-0000-0000-0000-000000000003', '00000000-0000-0000-0000-000000000001', '10000000-0000-0000-0000-000000002026', '地域事業委員会', 3, '2026-01-01 09:00:00+09'),
  ('30000000-0000-0000-0000-000000000004', '00000000-0000-0000-0000-000000000001', '10000000-0000-0000-0000-000000002026', '監事', 4, '2026-01-01 09:00:00+09')
on conflict (id) do update set name = excluded.name, sort_order = excluded.sort_order;

insert into public.positions (id, lom_id, fiscal_year_id, name, sort_order, created_at) values
  ('40000000-0000-0000-0000-000000000001', '00000000-0000-0000-0000-000000000001', '10000000-0000-0000-0000-000000002026', '理事長', 1, '2026-01-01 09:00:00+09'),
  ('40000000-0000-0000-0000-000000000002', '00000000-0000-0000-0000-000000000001', '10000000-0000-0000-0000-000000002026', '専務理事', 2, '2026-01-01 09:00:00+09'),
  ('40000000-0000-0000-0000-000000000003', '00000000-0000-0000-0000-000000000001', '10000000-0000-0000-0000-000000002026', '委員長', 3, '2026-01-01 09:00:00+09'),
  ('40000000-0000-0000-0000-000000000004', '00000000-0000-0000-0000-000000000001', '10000000-0000-0000-0000-000000002026', '副委員長', 4, '2026-01-01 09:00:00+09'),
  ('40000000-0000-0000-0000-000000000005', '00000000-0000-0000-0000-000000000001', '10000000-0000-0000-0000-000000002026', '委員', 5, '2026-01-01 09:00:00+09')
on conflict (id) do update set name = excluded.name, sort_order = excluded.sort_order;

insert into public.annual_member_assignments (
  id, lom_id, fiscal_year_id, member_id, committee_id, position_id, role, is_board_member, created_at, updated_at
) values
  ('50000000-0000-0000-0000-000000000001', '00000000-0000-0000-0000-000000000001', '10000000-0000-0000-0000-000000002026', '20000000-0000-0000-0000-000000000001', '30000000-0000-0000-0000-000000000001', '40000000-0000-0000-0000-000000000003', 'chair', true, '2026-01-01 09:00:00+09', '2026-07-01 09:00:00+09'),
  ('50000000-0000-0000-0000-000000000002', '00000000-0000-0000-0000-000000000001', '10000000-0000-0000-0000-000000002026', '20000000-0000-0000-0000-000000000002', '30000000-0000-0000-0000-000000000002', '40000000-0000-0000-0000-000000000004', 'vice_chair', false, '2026-01-01 09:00:00+09', '2026-07-01 09:00:00+09'),
  ('50000000-0000-0000-0000-000000000003', '00000000-0000-0000-0000-000000000001', '10000000-0000-0000-0000-000000002026', '20000000-0000-0000-0000-000000000003', '30000000-0000-0000-0000-000000000004', '40000000-0000-0000-0000-000000000002', 'admin', true, '2026-01-01 09:00:00+09', '2026-07-01 09:00:00+09'),
  ('50000000-0000-0000-0000-000000000004', '00000000-0000-0000-0000-000000000001', '10000000-0000-0000-0000-000000002026', '20000000-0000-0000-0000-000000000004', '30000000-0000-0000-0000-000000000003', '40000000-0000-0000-0000-000000000005', 'member', false, '2026-01-01 09:00:00+09', '2026-07-01 09:00:00+09')
on conflict (id) do update set
  committee_id = excluded.committee_id,
  position_id = excluded.position_id,
  role = excluded.role,
  is_board_member = excluded.is_board_member,
  updated_at = excluded.updated_at;

insert into public.events (
  id, lom_id, fiscal_year_id, title, event_type, starts_at, ends_at,
  venue, address, target_audience, description, requires_attendance, attendance_deadline, created_by, created_at, updated_at
) values
  ('60000000-0000-0000-0000-000000000001', '00000000-0000-0000-0000-000000000001', '10000000-0000-0000-0000-000000002026', '7月例会', 'regular_meeting', '2026-07-18 19:00:00+09', '2026-07-18 21:00:00+09', '玉島市民交流センター', '岡山県倉敷市玉島阿賀崎1-10-1', '全会員', '地域課題をテーマにした7月例会です。', true, '2026-07-08 23:59:00+09', '20000000-0000-0000-0000-000000000001', '2026-07-01 09:00:00+09', '2026-07-01 09:00:00+09'),
  ('60000000-0000-0000-0000-000000000002', '00000000-0000-0000-0000-000000000001', '10000000-0000-0000-0000-000000002026', '第8回理事会', 'board_meeting', '2026-07-24 19:30:00+09', '2026-07-24 21:30:00+09', '事務局', '岡山県倉敷市玉島中央町', '理事・監事', '8月事業と年度管理に関する協議を行います。', true, '2026-07-20 23:59:00+09', '20000000-0000-0000-0000-000000000003', '2026-07-05 09:00:00+09', '2026-07-05 09:00:00+09'),
  ('60000000-0000-0000-0000-000000000003', '00000000-0000-0000-0000-000000000001', '10000000-0000-0000-0000-000000002026', '総務広報委員会', 'committee', '2026-07-28 20:00:00+09', '2026-07-28 21:30:00+09', 'オンライン', 'Zoom', '総務広報委員会', '広報計画と資料共有ルールを確認します。', true, '2026-07-26 23:59:00+09', '20000000-0000-0000-0000-000000000001', '2026-07-08 09:00:00+09', '2026-07-08 09:00:00+09')
on conflict (id) do update set title = excluded.title, starts_at = excluded.starts_at, ends_at = excluded.ends_at;

insert into public.attendance_responses (
  id, lom_id, event_id, member_id, status, comment, responded_at, reply_deadline, is_overdue, created_at, updated_at
) values
  ('70000000-0000-0000-0000-000000000001', '00000000-0000-0000-0000-000000000001', '60000000-0000-0000-0000-000000000001', '20000000-0000-0000-0000-000000000001', 'attending', '参加します。', '2026-07-05 09:20:00+09', '2026-07-08 23:59:00+09', false, '2026-07-05 09:20:00+09', '2026-07-05 09:20:00+09'),
  ('70000000-0000-0000-0000-000000000002', '00000000-0000-0000-0000-000000000001', '60000000-0000-0000-0000-000000000001', '20000000-0000-0000-0000-000000000002', 'late', '仕事のため20分ほど遅れます。', '2026-07-06 18:10:00+09', '2026-07-08 23:59:00+09', false, '2026-07-06 18:10:00+09', '2026-07-06 18:10:00+09'),
  ('70000000-0000-0000-0000-000000000003', '00000000-0000-0000-0000-000000000001', '60000000-0000-0000-0000-000000000001', '20000000-0000-0000-0000-000000000003', 'absent', '所用のため欠席します。', '2026-07-07 12:05:00+09', '2026-07-08 23:59:00+09', false, '2026-07-07 12:05:00+09', '2026-07-07 12:05:00+09'),
  ('70000000-0000-0000-0000-000000000004', '00000000-0000-0000-0000-000000000001', '60000000-0000-0000-0000-000000000001', '20000000-0000-0000-0000-000000000004', 'unanswered', '', null, '2026-07-08 23:59:00+09', true, '2026-07-01 09:00:00+09', '2026-07-09 09:00:00+09')
on conflict (id) do update set status = excluded.status, comment = excluded.comment, is_overdue = excluded.is_overdue;

insert into public.documents (
  id, lom_id, fiscal_year_id, event_id, title, file_name, file_type, category,
  storage_path, visibility, uploaded_by, uploaded_at, created_at, updated_at
) values
  ('80000000-0000-0000-0000-000000000001', '00000000-0000-0000-0000-000000000001', '10000000-0000-0000-0000-000000002026', '60000000-0000-0000-0000-000000000001', '7月例会資料', '2026-07-regular-meeting.pdf', 'pdf', 'meeting', '00000000-0000-0000-0000-000000000001/10000000-0000-0000-0000-000000002026/60000000-0000-0000-0000-000000000001/2026-07-regular-meeting.pdf', 'all', '20000000-0000-0000-0000-000000000001', '2026-07-09 10:20:00+09', '2026-07-09 10:20:00+09', '2026-07-09 10:20:00+09'),
  ('80000000-0000-0000-0000-000000000002', '00000000-0000-0000-0000-000000000001', '10000000-0000-0000-0000-000000002026', '60000000-0000-0000-0000-000000000002', '第8回理事会議案書', 'board-agenda-08.docx', 'word', 'agenda', '00000000-0000-0000-0000-000000000001/10000000-0000-0000-0000-000000002026/60000000-0000-0000-0000-000000000002/board-agenda-08.docx', 'board', '20000000-0000-0000-0000-000000000003', '2026-07-10 09:00:00+09', '2026-07-10 09:00:00+09', '2026-07-10 09:00:00+09')
on conflict (id) do update set title = excluded.title, storage_path = excluded.storage_path, visibility = excluded.visibility;

insert into public.announcements (
  id, lom_id, fiscal_year_id, title, body, announcement_type, target_lom,
  target_committee_id, visibility, importance, publish_start_at, publish_end_at,
  author_member_id, created_at, updated_at
) values
  ('90000000-0000-0000-0000-000000000001', '00000000-0000-0000-0000-000000000001', '10000000-0000-0000-0000-000000002026', '7月例会の出欠回答をお願いします', '7月例会の開催案内です。出欠回答期限は7月8日です。期限内の回答をお願いします。', 'regular_meeting', '玉島青年会議所', null, 'members', 'important', '2026-07-01 09:00:00+09', '2026-07-20 23:59:00+09', '20000000-0000-0000-0000-000000000001', '2026-07-01 09:00:00+09', '2026-07-03 18:30:00+09'),
  ('90000000-0000-0000-0000-000000000002', '00000000-0000-0000-0000-000000000001', '10000000-0000-0000-0000-000000002026', '理事会資料を追加しました', '第8回理事会の資料を資料共有に追加しました。事前に確認してください。', 'document_added', '玉島青年会議所', null, 'board', 'normal', '2026-07-05 12:00:00+09', null, '20000000-0000-0000-0000-000000000003', '2026-07-05 12:00:00+09', '2026-07-05 12:00:00+09'),
  ('90000000-0000-0000-0000-000000000003', '00000000-0000-0000-0000-000000000001', '10000000-0000-0000-0000-000000002026', '事業計画書の提出期限について', '各委員会の事業計画書は7月25日までに事務局へ提出してください。', 'deadline', '玉島青年会議所', null, 'committee', 'urgent', '2026-07-08 08:30:00+09', '2026-07-25 23:59:00+09', '20000000-0000-0000-0000-000000000002', '2026-07-08 08:30:00+09', '2026-07-08 08:30:00+09')
on conflict (id) do update set title = excluded.title, body = excluded.body, importance = excluded.importance;

insert into public.notifications (
  id, lom_id, fiscal_year_id, member_id, title, body, notification_type, related_href, read_at, created_at
) values
  ('a0000000-0000-0000-0000-000000000001', '00000000-0000-0000-0000-000000000001', '10000000-0000-0000-0000-000000002026', '20000000-0000-0000-0000-000000000004', '7月例会の出欠期限を過ぎています', '未回答の方は出欠回答を確認してください。', 'attendance_deadline', '/attendance/e001/respond', null, '2026-07-09 09:00:00+09'),
  ('a0000000-0000-0000-0000-000000000002', '00000000-0000-0000-0000-000000000001', '10000000-0000-0000-0000-000000002026', '20000000-0000-0000-0000-000000000004', '新しい資料が追加されました', '7月例会資料が資料共有に追加されました。', 'document_added', '/documents/d001', null, '2026-07-09 10:20:00+09'),
  ('a0000000-0000-0000-0000-000000000003', '00000000-0000-0000-0000-000000000001', '10000000-0000-0000-0000-000000002026', '20000000-0000-0000-0000-000000000004', '新しいお知らせが公開されました', '7月例会の案内が公開されました。内容を確認してください。', 'announcement', '/announcements/a001', null, '2026-07-09 11:00:00+09')
on conflict (id) do update set title = excluded.title, body = excluded.body, related_href = excluded.related_href;
